filename,AlkylationReagent,CellLine,CellType,CleavageAgent,Compound,Disease,EnrichmentMethod,MaterialType,Modification,Organism,OrganismPart,ReductionReagent,SpikedCompound,Staining,Strain
MSV000078777.txt,iodoacetamide,"RKO, A431",,trypsin,"H 2 O 2 500 μM, EGF 100 ng/mL",,streptavidin sepharose,"cells, cell line","S-sulfenylation, S-sulfenylcysteine tagged with DYn-2-triazohexanoic acid group, DTH, carbamidomethyl, heavy DTH modification on cysteine, DTH- d 6",human,,"dithiothreitol, DTT",,,
MSV000078831.txt,iodoacetamide,HEK-293 cells overexpressing TrkB receptor (HEK-TrkB),,trypsin,BDNF 25 ng/mL,,"alkyne resin-based isolation of l -azidohomoalanine (AHA)-labeled proteins, Click-iT Protein Enrichment Kit, BONCAT","cells, cell line","Carbamidomethylation of cysteine, oxidation of methionine, protein N-terminal acetylation, AHA, l -2,4-diaminobutanoate",Homo sapiens,,DTT,,,
MSV000078911.txt,iodoacetamide,"231-BR, MDA-MB-231",,"trypsin, Lys-C endoproteinase",,"brain metastatic breast cancer, breast cancer",Membrane proteins were enriched,"cells, cell line","S-carbamidomethylation of cysteine residues, protein N-terminal acetylation, N-terminal glutamine conversion to pyroglutamate, methionine oxidation, 13C6-labeled lysine",human,,dithiotreitol,,,
MSV000078985.txt,carbamidomethylation,,,trypsin,,"amyloid, breast cancer, malignant medulloblastoma",,tissue,"mono- and di-methylation (nTerm and Lys), single and double oxidation (Met and Pro), variable carbamidomethylation (nTerm and Cys), oxidation",human,"amyloid tissue, breast tissue, breast cancer FFPE sample, malignant medulloblastoma",,,,
MSV000079014.txt,"chloroacetamide, iodoacetamide","KG-1, MDS-L",,"trypsin, LysC","lenalidomide 1 μM, lenalidomide 10 μM, DMSO",myelodysplastic syndrome (MDS) with deletion of chromosome 5q (del(5q)),"K-ε-GG enrichment, anti-K-ε-GG antibody, immunoaffinity purification",cell line,"K-ε-GG, Oxidized methionine, N-terminal protein acetylation, carbamidomethylation of cysteine, Gly-Gly addition to lysine",Homo sapiens,,dithiothreitol,,,
MSV000079097.txt,iodoacetamide,Jurkat E6-1 cells (ATCC),,trypsin,"MG-132 2 μm, MG132 5 μm, PR-619 5 μm, dimethyl sulfoxide (DMSO) 0.5%",,"anti-K-ε-GG antibody, K-ε-GG enrichment","cells, cell line","Oxidized methionines, Gly-Gly addition to lysines, N-terminal protein acetylation, Carbamidomethylation of cysteines",Homo sapiens,,"dithiothreitol, DTT",,,
MSV000079399.txt,iodoacetamide,"HEK-293 cells (CRL-1573, ATCC)",,trypsin gold,"ethanol (vehicle control, 0.08% v/v), HNE 10 μm, HNE 50 μm",,"affinity purification-mass spectrometry (AP-MS), co-immunoprecipitation (co-IP), immunopurified","cells, cell line","carbimidomethyl modification on Cys, oxidation on Met, pyro-glu on Gln",Homo sapiens,,"DTT, dithiothreitol (DTT)","labeled reference peptide (LRP), heavy isotope labeled analog of each target peptide",Simply Blue safe stain,
MSV000079514.txt,IAA,,hematopoietic cells,trypsin,,,,"tissue, cells","Carbamidomethylation of cysteine, oxidation of methionine, acetylation of protein N-termini, cyclization of N-terminal glutamine",human,"organs, tissues",DTT,,,
MSV000079525.txt,carbamidomethylation,HEK293 T-REx,,trypsin,"EGF 10 ng/ml, anisomycin 10 μm",,"immunoprecipitation, IP, immobilized anti-flag M2 beads",cell line,"N-terminal acetylation, methionine oxidation, phospho-serine, phospho-threonine, phospho-tyrosine, Gly-Gly addition to lysine",Homo sapiens,,,,,
MSV000079526.txt,,HEK293,,,,,"affinity purification, AP, pulldown",cells,"oxidation on methionine (M+15.995), N-term acetylation (+42.011), N-term Carbamylation (+43.006), Pyro-glu on glutamine (−17.027Q), deamidation on aspargine (N+0.984), deamidation on glutamine (Q+0.984), Carbamidomethylation, SILAC variable modifications of +8.0142 on Lysine and +10.0083 on Arginine",human,,,,,
MSV000079528.txt,iodoacetamide,HeLa cells,,trypsin,"thymidine 1 mm, taxol, MG132 10 μm, Flavopiridol 2 μm, RO-3306 5 μm",,"titanium dioxide microspheres, TiO2 microspheres","cells, cell line","carbamidomethylcysteine, oxidized methionine, heavy lysine, heavy arginine, phosphorylated serine, phosphorylated threonine, phosphorylated tyrosine","Homo sapiens, Saccharomyces cerevisiae",,"dithiothreitol, DTT",,,
MSV000079539.txt,"iodoacetamide, Carbamidomethylation of cysteine","JY, SupB15WT, HCC1143, HCC1937, HB95, HCT116, SupB15RT",Primary fibroblast cells,trypsin,imatinib 1 μ m,"cancer, human colon cancer","immunoaffinity purified HLA-I molecules, Sep-Pak tC18 (Waters, Milford, MA) cartridges, Silica C-18 column tips (Harvard Apparatus, Holliston, MA), C 18 based StageTip","cells, cell line","N-terminal acetylation, methionine oxidation",human,fibroblast,,,,
MSV000079550.txt,MMTS,K562,"primary foreskin fibroblasts, peripheral blood mononuclear cells (PBMCs)",trypsin/LysC mix,,,"DNA pulldowns, on-bead digestion","cells, tissue","Methylthiol, carbamidomethylation, Acetylation of N-termini, oxidation of methionines",human,"foreskin, peripheral blood mononuclear cells, nuclei",TCEP,"universal protein standard 2, UPS2",,
MSV000079562.txt,,HepG2 (ATCC HB-8065),human hepatocytes,"endoproteinase LysC, trypsin",,hepatoma,PEGylation strategy,"tissue, cells, cell line","PEGylation, Cys-enriched",human,"liver tissue, hepatocytes, nuclei, cytosol, membrane fractions",DTT,,,
MSV000079644.txt,"iodoacetamide, iodoacetimide",HCT116,Bone marrow cells,"Sequencing grade trypsin, sequencing grade modified trypsin","GDC-0973, GDC-0623, SCH772984, DMSO",colorectal carcinoma,"active kinase enrichment methodology based on multidrug inhibitor beads, Multiplex inhibitor beads, MIB enrichment","cells, cell line, tissue","Carbamidomethyl-C, Acetyl (Protein N-term), Acetyl+Oxidation (Protein N-term M), Gln->pyro-Glu (N-term Q), Met-loss (Protein N-term M), Met-loss+Acetyl (Protein N-term M), Oxidation (M)","mouse, human","bone marrow, femora, tibiae",DTT,,,C57BL/6
MSV000079774.txt,IAA,MCF-7 cells,,trypsin,,,,"cells, cell line","Carbamidomethyl (C), Acetyl (Protein N-term), oxidation (M)",Homo sapiens,,DTT,,,
MSV000079830.txt,IAA,MCF-7,,trypsin,,,,"cells, cell line","Carbamidomethyl (C), Acetyl (Protein N-term), oxidation (M)",Homo sapiens,,DTT,,,
MSV000079841.txt,iodoacetamide,HEK293,,"Lys-C, trypsin",,,,"cells, tissue","phosphorylation, glycosylation, methylation, cysteine alkylation, Oxidation (M), deamidation (N, Q), phosphorylation (ST), pyro-glutamate (N-term Q), carbamylation (K), Formylation (ST), iron (ED), iodoacetmaide (M), N-terminal methionine cleavage, acetylation, Acetylation (K), dihydroxy tryptophan (W), methylation (K), iodination (Y), mono-methylation, di-methylation, tri-methylation, diphthalamide modification","Homo sapiens, Mus musculus",brain,dithiothreitol,,,C57BL/6 × 129/sv
MSV000079904.txt,carbamidomethyl (Cys),"OVCA429, OVISE",ovarian clear cell carcinoma cell lines,trypsin,"DMSO, doxycycline 1 μg/ml",ovarian clear cell carcinoma,,"cells, cell line","acetylation (protein N-terminal), oxidation (Met)",human,,DTT,,,
MSV000079942.txt,IAA,,peripheral blood mononuclear cells (PBMCs),trypsin,"LPS 1 μg/mL, PHA 5 μg/mL, dexamethasone 100 ng/mL",inflammation,C-18 spin columns,cells,"carbamidomethylation on cysteins, methionine oxidation, N-terminal protein acetylation",Homo sapiens,"peripheral blood mononuclear cells, blood",DTT,,silver staining,
MSV000079947.txt,iodoacetamide,ZR-75-1,primary human mammary fibroblasts,trypsin,"TGFβ 2 ng/mL, IL-1β 10 ng/mL","breast adenocarcinoma, invasive breast carcinoma",,"tissue, cells, cell line","carbamidomethyl–cysteine, methionine oxidation, N-terminal protein acetylation, Carbamidomethylation of cysteine residues, oxidation of methionine residues",Homo sapiens,"breast, mammary","dithiothreitol, DTT",,silver-stained,
MSV000079960.txt,acrylamide,,"human newborn and adult monocytes, monocytes, CD14 positive",trypsin,"Alum 5 μg/ml, MPLA 100 ng/ml, MPLA 1000 ng/ml, R848 5 μ m, R848 50 μ m",,proteins were precipitated from the supernatants using trichloroacetic acid,"cells, biofluid","carbamidomethyl, methionine oxidation, pyroGlu formation, Glu->pyro-Glu, Gln->pyro-Glu, ammonia-loss",human,"monocytes, cord blood, blood","dithiothreitol, DTT",,Coomassie Blue,
MSV000079982.txt,,,"Primary human umbilical vein cells (HUVEC), Normal human dermal fibroblasts (NHDF)",,interleukin-1beta (IL-1β; 10 ng/mL),,160-nl enrichment column,cells,,human,umbilical vein,,four synthetic standard peptides,,
MSV000080048.txt,"iodoacetamide, IAA",,"primary human endothelial cells, fibroblasts, peripheral blood mononuclear cells, primary human dermal fibroblasts (NHDF), human umbilical vein endothelial cells (HUVEC), PBMCs",Trypsin,IL-1β 10 ng/ml,inflammation,C-18 spin columns,cells,"carbamidomethylation of cysteines, methionine oxidation, N-terminal protein acetylation",human,"dermal fibroblasts, umbilical vein endothelial cells, peripheral blood mononuclear cells","DTT, dithiothreitol",,silver staining,
MSV000080049.txt,"iodoacetamide, IAA",,"primary human endothelial cells, fibroblasts, Primary HUVEC, Normal human dermal fibroblasts (NHDF), peripheral blood mononuclear cells",Trypsin,IL-1β 10 ng/ml,inflammation,,cells,"carbamidomethylation of cysteines, methionine oxidation, N-terminal protein acetylation",human,"secreted, cytoplasmic, nuclear","DTT, dithiothreitol",,silver staining,
MSV000080056.txt,,"LNCaP, 22rv1, PC3, WPMY-1",,trypsin,,"prostate cancer, PCa",,"tissue, cells, cell line",,human,"prostate, prostate tumors, nonmalignant tissue",,"isotopically labeled standard, spike-in standard",,
MSV000080059.txt,,"UT7, K562","primary erythroid cells, erythroid progenitors, CD34 + progenitors, CD36 + erythroid progenitors, late burst-forming units-erythroid (BFU-Es), orthochromatic erythroblasts, reticulocytes, pyrenocytes, erythroblast",,"IL6, IL3, SCF, EPO, dexamethasone, human serum, fetal calf serum",,,"cells, cell line",,human,cord blood,,,,
MSV000080062.txt,,,saphenous vein smooth muscle cells (SMCs),"tryptic, tryptase β1, chymase","recombinant human chymase 1 μg/mL, tryptase β1 250 ng/mL","venous hypertension, varicose veins","sequential extraction procedure, decellularization using 0.08% SDS and extraction of ECM proteins using 4 M guanidine hydrochloride (GuHCl)",tissue,,human,"saphenous veins, great saphenous vein",,,,
MSV000080064.txt,carbamidomethylation,,,Tryptic,,,filter-aided sample preparation (FASP),,"acetyl (protein N-term), deamidated (NQ), glutamine to pyroglutamate, methionine oxidation, hydroxylation of proline",human,dental calculus,,bovine fetuin,,
MSV000080065.txt,,"LNCaP, 22rv1, PC3, WPMY-1",,trypsin,,"prostate cancer, PCa",,"tissue, cells, cell line",,human,prostate,,"isotopically labeled standard obtained from four prostate-derived cells lines, spike-in standard",,
MSV000080085.txt,"iodoacetamide, IAA",,"primary human endothelial cells, fibroblasts, peripheral blood mononuclear cells, primary human dermal fibroblasts (NHDF), human umbilical vein endothelial cells (HUVEC), PBMCs",Trypsin,IL-1β 10 ng/ml,inflammation,C-18 spin columns,cells,"carbamidomethylation of cysteines, methionine oxidation, N-terminal protein acetylation",human,,"DTT, dithiothreitol",,silver staining,
MSV000080198.txt,iodoacetamide,"U2OS, U2OS Flp-In T-Rex cells",,trypsin,"Doxycyclin 2 μg/mL, biotin 50 μM, etoposide",,"GFP-Immunoprecipitation, Streptavidin Purification","cells, cell line","carbamidomethylation on cysteine, methionine oxidation, protein N-terminal acetylation",Homo sapiens,,DTT,,Coomassie Blue,
MSV000080224.txt,,,,trypsin,"PAD2 1.4 U/ml, TGFβ1-LAP 0.1 μg/ml",,,cells,"Carbamidomethyl (C), citrullination (R), deamidation (N, Q), oxidation (M)",Homo sapiens,,,,,
MSV000080254.txt,,"Hep3B, MHCC97H, HCCLM3",,,,hepatocellular carcinoma (HCC),,cell line,,human,,,,,
MSV000080262.txt,,"MCC13, MCC26, MKL1, MKL2",,,,Merkel cell carcinoma,"differential centrifugation, filtration, ExoQuick exosome precipitation reagent",cell line,,Homo Sapiens,,,,,
MSV000080263.txt,iodoacetamide,,,trypsin,,healthy,"ultrafiltration, hydrophilic-lipophilic-balanced reversed-phase cartridge (Oasis HLB)",biofluid,"carbamidomethyl cysteine, oxidized methionine, protein N-acetylation, oxidized proline",human,urine,"dithiothreitol, DTT",,,
MSV000080265.txt,chloroacetamide,K562 (ATTC),,trypsin,,,"serial RNA interactome capture, serIC, oligo(dT) dynabeads","cells, cell line","Cysteine carbamidomethylation, N-terminal acetylation, methionine oxidation",human,nuclei,DTT,,silver staining,
MSV000080266.txt,cysteine carboxamidomethylation,HeLa cells,"AML blasts, lymphocytes, primary AML cells",trypsin,,acute myeloid leukemia (AML),differential ultracentrifugation,"cells, biofluid","methionine oxidation, N-acetylation",Homo sapiens,bone marrow,,,Coomassie Brilliant Blue G250,
MSV000080267.txt,,,,"LysC, trypsin",,healthy,"Agilent Multiple Affinity Removal Spin Cartridge, ProteoPrep20 Plasma Immunodepletion Kit",biofluid,"cysteine carbamidomethylation, N-terminal acetylation, methionine oxidations",human,"blood, plasma, serum",,,,
MSV000080269.txt,chloroacetamide,,,"Lys-C, trypsin",,healthy,"immunoaffinity purified using the PTMScan® Ubiquitin Remnant Motif (K-ε-GG) Kit (#5562, Cell Signaling Technology)",biofluid,"Carbamidomethyl at cysteine, oxidation at methionine, di-glycine (+114.042927, Unimod Accession #: 121) at lysine, LeuArgGlyGly (LRGG, +383.228103, Unimod Accession #: 535) at lysine",human,urine,DTT,AQUA peptide mixture,Coomassie,
MSV000080270.txt,carboxamidomethylation,"HCT116, U87",,trypsin,Erlotinib,cancer,"Phosphopeptide immunoprecipitation, phosphotyrosine-based phosphoproteomics",cells,"Cysteine carboxamidomethylation, serine, threonine and tyrosine phosphorylation, methionine oxidation, N-terminal acetylation",Homo sapiens,,,,,
MSV000080274.txt,iodoacetamide,HEK293,,"Lys-C, trypsin",,,,"cells, cell line",,Homo sapiens,,,,,
MSV000080275.txt,,,,trypsin,salbutamol 200 μg,"Chronic obstructive pulmonary disease (COPD), early stage COPD, asymptomatic smokers, former smokers, never smokers",,biofluid,,human,sputum,DTT,,,
MSV000080276.txt,,Ishikawa cancer cells,"primary stromal cell, endometrial stromal cells, eutopic endometrial primary stromal cell, ectopic endometrial primary stromal cell",dimethylated porcine trypsin,,endometriosis,,"cells, tissue","Methionine oxidation, asparagine/glutamine deamidation, protein N-terminal acetylation, cysteine carbamidomethylation",Homo sapiens,"endometrium, peritoneal endometriotic lesions",DTT,SILAC standard,,
MSV000080277.txt,iodoacetamide,,,trypsin,,,"ultracentrifugation, Sucrose cushion isolation",biofluid,"Cysteine carbamidomethylation, N-acetylation of proteins, oxidized methionine, serine, threonine, and tyrosine phosphorylations",human,cerebrospinal fluid,DTT,,Coomassie brilliant blue G-250,
MSV000080278.txt,IAA,"OVCAR3, OVCAR433, OVCAR5, SKOV3",,trypsin,,epithelial ovarian cancer,"differential centrifugation, ultracentrifugation",cell line,"carbamidomethylation of cysteine, oxidation of methionine",human,exosomes,DTT,,,
MSV000080280.txt,iodoacetamide,,,sequencing grade trypsin,,metastatic melanoma,,tissue,,Human,lymph node,DTT,,,
MSV000080281.txt,iodoacetamide,HeLa-S3 cells,,"trypsin, sequencing-grade trypsin","ATP 10 μM, staurosporine 10 μM",,Immobilized streptavidin agarose resin,cell line,"Carbamidomethylation of cysteine, methionine oxidation, desthiobiotinylated lysine",Homo sapiens,,DTT,,,
MSV000080368.txt,,,,,,"pemphigus, PV, PF",affinity purified on Dsg,biofluid,,Homo sapiens,serum,,stable isotopically labeled peptides,,
MSV000080517.txt,iodoacetamide,"T2, LCL1 (IHW09005, HLA-A0301, B2705, C0102), LCL2 (IHW09216, HLA-A0201, A0301, B3502, B3801), T2-A3, T2-B7, T2-B27",PBMC,,,metastatic malignant melanoma,"immunoaffinity purified, immunoaffinity purification",tissue,"N-terminal acetylation, methionine oxidation, phosphorylation",human,"melanoma tissue, tumour tissue",,,,
MSV000080544.txt,,,,tryptic,,,,,"carboxyamidomethylated cysteine, Carbamidomethylated cysteine, methionine oxidation","human, mouse",,,"retention time (RT) standards, 13C-labelled peptides",,
MSV000080596.txt,,,,"Trypsin, LysC",liraglutide 1.2 mg,"obese, obesity, metabolic diseases","depletion of the top 20 most abundant plasma proteins, Agilent Multiple Affinity Removal Spin Cartridge, ProteoPrep20 Plasma Immunodepletion Kit",biofluid,"cysteine carbamidomethylation, N-terminal acetylation, methionine oxidations",human,plasma,,,,
MSV000080620.txt,,,enterocytes,"LysC, trypsin",,"Colorectal cancer, adenoma",,tissue,"Carbamido-methylation of cysteine, N-terminal acetylation, oxidation of methionine",Human,"colorectal enterocytes, colorectal tissue",DTT,,,
MSV000080640.txt,,,"Normal human dermal fibroblasts (NHDF), human mesenchymal stem cells (hMSC)",trypsin,"IL-1β 10 ng/mL, dexamethasone 100 ng/mL",chronic inflammation,,cells,,human,"dermal fibroblasts, mesenchymal stem cells",dithiothreitol,,,
MSV000080643.txt,iodoacetamide,,human macrophages,trypsin,influenza A (H3N2) strain Udorn/72 2.56 hemagglutination unit/mL,Influenza A viruses (IAVs),ultracentrifugation,cells,"carbamidomethyl (C), oxidation (M), deamidation (N, Q)",Homo sapiens,,dithiotreitol,,silver-stained,Udorn/72
MSV000080685.txt,iodoacetamide,,,trypsin,,lung squamous cell carcinomas,,tissue,"carbamidomethylation (cysteine), oxidation (methionine), pyroglutamic acid (glutamic acid)",human,lung,DTT,"standard peptide retention time calibrator mixture (PRTC, Pierce #88320)",,
MSV000080688.txt,IAA,"human cervical cancer cells (HeLa), NPC1-KO HeLa cells, WT HeLa cells",,"trypsin, EndoLys-C","aminolipid-coated SPIONs 2 mg/ml, carboxylipid-coated SPIONs 2 mg/ml, methoxylipid-coated SPIONs 2 mg/ml, DMSA-coated SPIONs 200 μg/ml","Niemann-Pick disease type C1, NPC1 deficiency","magnetic isolation, magnetic labeling","cells, cell line","methionine oxidation, pyro-glutamate formation of amino terminal glutamine, acetylation of the protein N-terminus, Carbamidomethylation of cysteine residues, oxidation of methionine residues (to sulfoxides), acetylation of protein N-termini",Homo sapiens,"late endosomes/lysosomes, plasma membrane",DTT,,SimplyBlueTM SafeStain,
MSV000080689.txt,IAA,"HeLa S3 cells (DSMZ, Braunschweig, Germany)",,trypsin,,,,cell line,"carbamidomethylation of Cys, oxidation of Met, phosphorylation of Ser/Thr/Tyr",Homo sapiens,,DTT,,,
MSV000080691.txt,N-ethylmaleimide,"HeLa cells, breast adenocarcinoma cells MDA-MB231, lung adenocarcinoma A549 cells, Ovarian cancer cell line HeyA8",,trypsin,"EGF 100 ng/mL, TGF-α 100 ng/mL",,"ubiquitylated peptides were enriched, phosphorylated tyrosine peptide enrichment, enriched for phosphorylated serine and threonine-containing peptides, titansphere chromatography, immunoprecipitated proteins","cells, cell line","ubiquitylated, phosphorylated tyrosine, phosphorylated serine, phosphorylated threonine",human,,,,,
MSV000080692.txt,iodoacetamide,,,sequencing-grade modified trypsin,"ammonium acetate buffer (AAB, 50 mM, pH 6.0), triethylammonium bicarbonate (TEAB, 50 mM, pH8.5), ammonium bicarbonate buffer (ABB, 50 mM, pH 8.0)","subarachnoid hemorrhage, dementia","ultracentrifugation-electrostatic repulsion hydrophilic interaction chromatography (UC-ERLIC), ultracentrifugation",tissue,"Carbamidomethylation, oxidation, deamidation",human,brain tissue,dithiothreitol,,,
MSV000080694.txt,iodoacetamide,HEK293FT,"primary human fibroblasts, HCA2-hTertcells",trypsin,,,,cells,,Homo sapiens,,"Tris (2-carboxyethyl) phosphine, TCEP",,,
MSV000080695.txt,,Human embryonic kidney cells (HEK293),,,FIH-V5,,Immunoprecipitation,"cells, cell line",hydroxylation/oxidation,Homo sapiens,,,,,
MSV000080700.txt,,HEK293T,,,"PKCγ M501I, PKD1 D665N",ovarian cancer,FLAG affinity purification,"cell line, cells",phosphorylation,Homo sapiens,,,,,
MSV000080701.txt,carbamidomethylation,HeLa S3,,trypsin,"EGF 100 ng/ml, pervanadate 1 mM, calyculin A 50 ng/ml",cancer,"TiO2 beads, immunoprecipitation with a mix of anti-P-Tyr antibodies",cell line,"N-acetylation of protein, oxidation of methionine, phosphorylation of Ser, Thr, Tyr residue (STY)",human,,,,,
MSV000080702.txt,iodoacetamide,HeLa cell line,,trypsin,,,,cell line,"carbamidomethylation of C, oxidation of M, acetylation of protein N terminus",human,,DTT,,,
MSV000080703.txt,,,,,,"transient antenatal Bartter’s syndrome, idiopathic polyhydramnios",,,,,,,,,
MSV000080704.txt,,HeLa-Flp-In T-REx,,,2 mM HU,,"GFP-trap magnetic agarose beads, iPOND",cell line,"M(ox), protein N-terminal acetylation, carbamylation",human,,,,,
MSV000080709.txt,,"HEK293, HeLa, K562, HepG2, MCF-10A, MDA-MB, MCF7, WI38, C2C12, NIH3T3","myoblasts, myotubes",,,,,"cells, tissue","deamidation, methylation","human, mouse, zebrafish, Drosophila melanogaster, C. elegans","brain tissue, liver",,,,
MSV000080712.txt,"iodoacetamide, IAA","Human Embryonic Kidney 293 (HEK-293), HEK-293 cells",,trypsin,,,"Acclaim C18 PepMap microprecolumn (300 μm id × 5 mm, 5 μm particle size, 100 Å pore size; Dionex)","cells, cell line","Carbamidomethylation of cysteine residues, oxidation of methionine, acetylation of the N-terminus of proteins",Human,,DTT,,,
MSV000080713.txt,,293T cells,,trypsin,"hAha1-Y223E-FLAG, hAha1-Y223F-FLAG",,purified,"cells, cell line",,Homo sapiens,,,,,
MSV000080714.txt,Chloroacetamide,HeLa cells,,"Lys-C, Trypsin, Sequencing Grade Modified Trypsin",,,"Ni-NTA beads (Qiagen), Neutravidin beads (Thermo)","cells, cell line","SUMOylation, acetylation, SNHSA, SNHSSSB, Protein N-terminal acetylation, methionine oxidation, peptide N-terminal carbamylation",Homo sapiens,,"$eta$-mercaptoethanol, $eta$-ME, DTT",,,
MSV000080715.txt,iodoacetamide,"HT29, CaCo2, HCT116, RKO, SW480, SW1398, Colo205, DLD1",,trypsin,,colorectal cancer (CRC),"TiOx-based phosphopeptide enrichment, TiO2 beads based using aliphatic hydroxy-acid modified metal oxide chromatography",cell line,"Cysteine carboxamidomethylation, serine, threonine and tyrosine phosphorylation, methionine oxidation, N-terminal acetylation",human,,"dithiotreitol, DTT",,,
MSV000080717.txt,Carbamidomethylation,,primary human macrophages,tryptic,influenza A virus,influenza A virus infected,"phosphopeptide enrichment with IMAC, IMAC",cells,"oxidation (M), phosphorylation (S, T, and Y), acetylation (protein N-terminal)",Homo sapiens,,,,,
MSV000080719.txt,,HepG2; Sigma,"Human Epidermal Keratinocyte, Human Prostate Epithelial Cell, Human Mammary Epithelial Cell, Human Renal Proximal Tubular Epithelial Cell, Human Neuron, Human aortic smooth muscle cells (HA-SMCs)",trypsin,,,,tissue,"carbamidomethyl, methionine oxidation",human,"kidney tubule, artery, kidney, aorta",,,Coomassie blue stain,
MSV000080723.txt,"iodoacetamide, IAA","HEK293T, DAOY, K562",,trypsin,"dithiobis (succinimidyl propionate) DSP 0.05, dithiobis (succinimidyl propionate) DSP 0.25, dithiobis (succinimidyl propionate) DSP 1 mM",,"immunoprecipitation, coimmunoprecipitation","cells, cell line","carbamidomethyl cysteine, oxidized methionine, C-terminal 18O labeling",Homo sapiens,,"dithiothreitol, DTT",,EZ Blue Gel Staining Reagent,
MSV000080730.txt,iodacetamide,"HCT116, SW480",,trypsin/lys-c mixture,"KP46 1 μm, KP772 5 μm, KP1339 80 μm, KP1537 0.5 μm, As2O3 5 μm",colon carcinoma,,"cells, cell line",,Homo sapiens,"cytoplasmic, nuclear","DTT, dithiothreitol",,,
MSV000080731.txt,,,"BM-derived MSCs, BM-MSCs, AD-MSCs, BM- or AD-derived stromal cells",trypsin,,,,cells,Methionine oxidation,Human,"bone marrow, adipose",,,Coomassie blue staining,
MSV000080735.txt,"iodoacetamide, IAA",HepG2,,trypsin,,,"phosphate ion pre-coordinated affinity materials, Ti4+-IMAC adsorbents, TiO2 adsorbents","cells, cell line","phosphorylation of serine (S), threonine (T) and tyrosine (Y), oxidation of methionine (M), carbamidomethylation of cysteine (C)",Homo sapiens,,"dithiothreitol, DTT",,,
MSV000080740.txt,iodoacetamide,HEK293,,"modified trypsin, trypsin",,"prostate cancer, negative biopsy",immunoenrichment-SRM,biofluid,"oxidation of methionine and tryptophan, N-terminal peptide acetylation, cysteine carbamidomethylation, glutamine and asparagine deamidation, N-terminal protein acetylation, pyro-carbamidomethyl",Human,"sweat, cervico-vaginal fluid, seminal plasma, blood serum",dithiothreitol,"heavy isotope-labeled peptides, heavy isotope-labeled peptide internal standards",,
MSV000080741.txt,chloroacetamide,HEK293 N3S,,"Lys-C, endoproteinase Glu-C, trypsinized",,,"Nickel affinity purification, Enrichment of diGly-Lys containing peptides with anti-KεGG","cells, cell line","sumoylated, Carbamidomethylation of Cys, oxidation of Met, acetylation of protein N-termini, phosphorylation of Ser, Thr, and Tyr, diGly adduction to Lys",human,,β-mercaptoethanol,,,
MSV000080742.txt,iodoacetamide,"HCT116, HeLa",,"Lys-C, trypsin","UPS1 100 fmol, UPS1 300 fmol, UPS1 600 fmol, EGF",lung cancer,,"cells, tissue","Carbamidomethylation of cysteine, N-acetylation, oxidized methionine",Homo sapiens,,DTT,UPS1,,
MSV000080743.txt,,LCLs,,His-tagged TEV protease,,Ruijs-Aalfs syndrome (RJALS),"Ni-sepharose IMAC gravity flow column, HiTrap SP HP column",cells,,E. coli,,,,,
MSV000080744.txt,,"JJN-3, H460 (NCI-460), A549 (ATCC CCL-185), U2OS (ATCC HTB-96)",,trypsin,"docetaxel 5 ng/mL, cisplatin 5 μM, cisplatin 0.5 μM","multiple myeloma, large cell lung cancer, non-small cell lung cancer, osteosarcoma","Multiplexed Inhibitor Bead (MIB) assay, modified MIB assay",cell line,"deamidation of asparagine/glutamine, oxidation of methionine, N-terminal acetylation, dimethylation of lysine/arginine",human,,,,,
MSV000080745.txt,,,"macrophages, dendritic cells, Neutrophils, Bone marrow monocytes, Splenic dendritic cells, BM-DC, BM-M",tryptic,,"fungal infections, fungal sepsis",,cells,"Beta-methylthiolation on cysteine, oxidation on methionine, acetylation on lysine, phosphorylation on serine, threonine and tyrosine, deamidation on asparagine and glutamine, ubiquitinylation on lysine",human,,,,,
MSV000080746.txt,iodoacetamide,HeLa,,"chymotrypsin, trypsin",recombinant meprin β 15 nM,,"immunoprecipitated, affinity chromatography","cells, cell line","reductive dimethylation, dimethylation, carbamidomethylation",Homo sapiens,,DTT,,Coomassie blue,
MSV000080747.txt,,"Jurkat, HeLa",,modified trypsin,"nocodazole 0.2 μM, cytochalasin D 1 μg/ml, CK666, siRNA against PCM1",,"centrifugation onto a 60% sucrose cushion, centrifugation through a discontinuous (70%, 50% and 40%) sucrose gradient",cell line,,Homo sapiens,centrosomes,,,R-250 Coomassie blue,
MSV000080749.txt,"iodoacetamide, IAA",,,"Trypsin Gold, trypsin",purified human intact cTnT 1.5 mg/L,"ST-segment elevated myocardial infarction (STEMI), multiple myeloma, gallstone disease",immunoprecipitation,biofluid,oxidised methionine,human,serum,"dithiothreitol, DTT",purified human intact cTnT,Bio-Safe™ Coomassie,
MSV000080750.txt,chloroacetamide,HeLa cells,,trypsin,interferon α2 1000 units per ml,,"nickel affinity purification, His-affinity purification","cells, cell line","GlyGly modification of lysine residues, oxidation of methionine residues, pyroglutamate formation of N-terminal glutamine residues, Carbamidomethyl formation of cysteine residues",Homo sapiens,,"tris(2-carboxyethyl)phosphine, TCEP",,,
MSV000080753.txt,iodoacetamide,,,"modified trypsin, trypsin",,"invasive ductal breast carcinomas, IDCs","chemo-enzymatically enriched, Click-iT enzymatic labeling, Immunoprecipitation of TAMRA-labeled O-GlcNAc proteins",tissue,"O-GlcNAc, Oxidation (Met), carbamidomethyl (Cys)",Homo sapiens,breast,dithiothreitol,,,
MSV000080754.txt,"N-ethylmaleimide, iodoacetamide",HEK293,,"trypsin, Trypsin/Lys-C Mix","Ubc9 fused to TTR, non-fused TTR",,polyclonal anti-TTR antibodies,"cells, cell line","carbamidomethylation (C), oxidation (M), GlyGly-tagged (K)","Homo sapiens, Escherichia coli",,DTT,,Coomassie blue R250,BL21 pLys
MSV000080755.txt,,"HEK (human embryonic kidney)-293T, T-Rex293 (HEK-TR), G11 (HEK-TR clone which constitutively expresses His–BCNT)",,"trypsin, endoproteinase Asp-N, Achromobacter protease I","nicotinamide 4 mM, trichostatin A 50 nM",,"Ni-NTA, Ni 2+ -nitrilotriacetate, anti-His antibody-linked beads, nickel-chelating affinity chromatography","cells, cell line","pyro-Glu (N-term Q), Oxidation (M), Phospho (ST), Acetyl (K)","Homo sapiens, Bos taurus, Escherichia coli",,,,"Coomassie Brilliant Blue, Quick-CBB Plus","E. cloni 10G, BL21(DE3)"
MSV000080757.txt,iodoacetamide,"HCC1599, MCF7, HCC1937, HCC2218, HMEC",Human mammary epithelial cells,trypsin,,"breast cancer, breast tumours",,"tissue, cells","methionine oxidation, N-terminal acetylation, carbamidomethyl cysteine",Human,breast tumours,DTT,,hematoxylin and eosin staining,
MSV000080758.txt,,,,trypsin,"Human CaM, plectin-ABD isoform 1a",,,,"carbamidomethylation of cysteine, oxidation of methionine",Human,,,,,
MSV000080761.txt,"methyl methane thiosulfonate, MMTS","MCF-10A, MCF-7, MDA-MB-231",,trypsin,,breast cancer,,"cells, cell line","oxidation of methionine, deamidation of Asparagine and Glutamine (N and Q), acetylation of the protein N-terminus, MMTS at cysteine",human,,"tris(2-carboxyethyl)phosphine hydrochloride, TCEP",,,
MSV000080762.txt,chloroacetamide,"HCT116, HCT116.625, HCT116.ctrl, SW620, SW620.625, SW620.ctrl",,"LysC, trypsin","doxycycline hyclate 50 ng ml⁻¹, oxPt, oxPt 16 μM","colorectal cancers (CRC), mCRC",TiO 2 beads,"cells, cell line","Carbamidomethylation of cysteine, oxidation of methionine, protein amino (N)-terminal acetylation, pyro-glutamate formation from glutamine, phosphorylation",Homo sapiens,,dithiothreitol,,,
MSV000080763.txt,Chloroacetamide,,,"LysC, trypsin, Lysyl Endoproteinase, Trypsin",,"periodontitis, dental caries, orally healthy","solid-phase extraction, desalted and concentrated on Waters Sep-Pak reversed-phase C 18 cartridges",biofluid,,human,saliva,tris (2-carboxyethyl)phosphine,,,
MSV000080764.txt,,HEK293,,,GST-fusions,,"GST pull-downs, affinity purified",cells,,Homo sapiens,,,,,
MSV000080766.txt,,HEK293T,,,"V5-FIH, DMOG, V5-PHD3, FLAG-RIPK4, FLAG-MAPK6, HA-PHD3, JNJ",,immunoprecipitated,"cells, cell line","N-terminal acetylation (protein), oxidation (M), oxidation (MWYFKPHDN)",Homo sapiens,,,,,
MSV000080767.txt,,"Kit225, Hut102",T cell,trypsin,"IL-2 200 U/mL, IL-15 200 U/mL, IL-2 5 × 103 U/mL, IL-15 5 × 103 U/mL","T lymphoma, T-cell lymphoma","Immunoprecipitation of tyrosine-phosphorylated proteins, TiO2 enrichment",cell line,"Carbamidomethyl (C), oxidation (M), acetyl (protein N-term), deamidation (NQ), phospho-STY (STY)",Homo sapiens,,,,Colloidal Blue,
MSV000080769.txt,Carbamidomethyl,,"human primary macrophages, monocytes",trypsin,"Ultrapure LPS, Z-YVAD-fmk,1 25 μm, GM-CSF 10 ng/ml",,"size-exclusion filtration using Amicon 15-ml tubes with a 100-kDa cutoff, concentrated using Amicon 15-ml filters with a 10-kDa cutoff, STAGE-TIP method using a C18 resin disk (3 M Empore)",cells,"protein N-acetylation, methionine oxidation",human,macrophages,,,silver-stained,
MSV000080770.txt,"methylmethane thiosulfonate, MMTS","MCF-10A, MCF-7","breast epithelial cell line, normal mammary epithelial cells","proteinase K, trypsin",,breast cancer,,cell line,"fixed MMTS modification on cysteine, variable oxidation of methionine, deamidation of asparagine and glutamine, acetylation of the protein N-terminus",Homo sapiens,,"tris(2-carboxyethyl)phosphine hydrochloride, TCEP",,,
MSV000080771.txt,"Iodoacetamide, IAA",HeLa S3 cells,,"endoprotease LysC, modified Trypsin",thymidine 2 mM,,,"cells, cell line",,Homo sapiens,,"dithiothreitol, DTT",,,
MSV000080772.txt,iodoacteamide,"HEK293, HEK293T/17",,trypsin,,,"quantitative SILAC (stable isotope labeling of amino acids in cell culture) co-immunoprecipitation (Co-IP), NOX4 qCo-IP",cells,"N terminus acetylation, oxidation of methionine, deamidation on asparagine and glutamine, carbamidomethylation","Homo sapiens, Mus musculus",,DTT,,"Coomassie, Coomassie Blue",
MSV000080773.txt,,Kit225,"CD4 + T lymphocytes, T lymphocytes","LysC, trypsin",IL-2 200 U/ml,leukemic,TiO2 beads,"cells, cell line","Carbamidomethylation, oxidation of M, protein N-terminal acetylation, NQ deamidation, STY phosphorylation",Human,"nuclear, cytosol",,,,
MSV000080774.txt,iodoacetamide,HeLa Kyoto cells,,"Lys-C, Trypsin",nocodazol,,reversed-phase (RP) C18 Sep-Pak cartridges,cell line,"carbamidomethylation on cysteine, oxidation on methionine, phosphorylation of serine, threonine, and tyrosine",Homo sapiens,,dithiothreitol,,,
MSV000080775.txt,iodoacetamide,"HeLa, CW-2, HCA7, NCI-H747",,modified trypsin,"OA 25nM, siRNA",,"TiO 2 enrichment, TiO 2 affinity chromatography","cells, cell line",phosphorylation,Homo sapiens,,"dithiothreitol, DTT",bovine α-casein,,
MSV000080776.txt,carbamidomethyl cysteine,,,,,"lethal metastatic castration resistant prostate cancer (CRPC), treatment naïve localized prostate cancer",Phosphopeptide enrichment,tissue,"N-terminal acetylation, oxidized methionine, phosphorylated serine, threonine, or tyrosine",human,prostate cancer tissues,,,,
MSV000080778.txt,iodoacetamide,HeLa cells,,"LysC, trypsin","aspirin 20 m m, aspirin 10 m m, aspirin 5 m m, aspirin 2 m m, aspirin 1 m m, aspirin 0.5 m m, salicylic acid 20 m m, salicylic acid 10 m m, salicylic acid 5 m m, salicylic acid 2 m m, salicylic acid 1 m m, salicylic acid 0.5 m m, bufexamac 0.25 m m, nicotinamide 20 m m, aspirin 20 m m, aspirin 10 m m, aspirin 5 m m, aspirin 2.5 m m, aspirin 1.25 m m, aspirin 0.625 m m, salicylic acid 20 m m, salicylic acid 10 m m, salicylic acid 5 m m, salicylic acid 2.5 m m, salicylic acid 1.25 m m, salicylic acid 0.625 m m, aspirin 5 m m, aspirin-d 3 5 m m",,immune affinity chromatography,"cells, cell line","acetylated lysine, Carbamidomethylation of cysteines, oxidation of methionines, acetylation of protein N termini, acetylation of lysines, d3-acetylation of lysines",human,,DTT,,,
MSV000080779.txt,iodoacetamide,HEK293A,single IgA plasma cells,"chymotrypsin, pepsin, trypsin, elastase, carboxypeptidase A",,celiac disease,"antibody pull-down, pull-down with hmAbs",,"pyro-glu (N-term Q), deamidation (NQ), oxidation (M)",Triticum aestivum,,,,,
MSV000080780.txt,iodoacetamide,"HEKT293, Jurkat",Human Jurkat T cells,trypsin,,,COmbined FRActional DIagonal Chromatography (COFRADIC),"cells, cell line","chemical acetylation, N-acetylated, Boc-Gly-OSu, oxidation by H2O2, methionine oxidation, carbamidomethylation of cysteines, N-terminal protein acetylation, lysine acetylation, N-terminal pyro-glutamate, Lys-ε-Gly, Gly on protein N-termini",Homo sapiens,,"tris(carboxyethyl)phosphine, TCEP",,,
MSV000080781.txt,,"DG75, Daudi",,,"dimethyl sulfoxide, AT13387, STA-9090",Burkitt lymphoma (BL),immunoprecipitation of phosphotyrosine-containing peptides using the pY1000 antibody,"cells, cell line","protein deamidation, oxidation, phosphorylation, Cysteine carbamidomethylation",Homo sapiens,,,,,
MSV000080782.txt,iodoacetamide,HEK293,,trypsin,"recombinant AMPylators 1/10 w/w enzyme to total protein, HYPE E234G 1/10–1/1000 w/w enzyme to total protein, ATP 0–1000 μm",,"NeutrAvidin agarose resin, NeutrAvidin beads",cell line,"AMPylation, Cysteine carbamidomethylation, methionine oxidation, acetylation of protein N terminus, AMP-derived adduct (+624.1918 Da) to Ser, Thr, and Tyr, AMP adduct mass of +329.0525 Da",Homo sapiens,,DTT,“spike in” standard,,
MSV000080783.txt,iodoacetamide,"HeLa, MCF-7, MDA-MB-231, HCT116",,trypsin,inhibitor 1 5 μM,cancer,,"cells, cell line","Cysteine carbamidomethylation, methionine oxidation",Homo sapiens,,DTT,heavy spike-in standard,,
MSV000080786.txt,iodoacetamide,,,trypsin,conduritol B-epoxide 100 mg/kg/day,"Gaucher disease, neuronopathic GD, type 1, type 2, type 3",,"biofluid, tissue","carbamidomethylation of cysteines, oxidation of methionines","Homo sapiens, Mus musculus","cerebrospinal fluid, brain",dithiothreitol,,,"Gba flox/flox ; nestin-Cre, C57BL/6OlaHsd"
MSV000080787.txt,iodoacetamide,,"CD14 +, CD4 +, CD8 +, CD19 +, CD56+",trypsin,tocilizumab,rheumatoid arthritis,"CD14+, CD4+, CD8+, and CD19+ cells were extracted using corresponding conjugated dynabeads, CD56+ was extracted using CD56 primary antibodies, and Goat-anti-mouse dynabeads",cells,"carbamidomethyl (C), protein N-terminal acetylation, deamidation (NQ), citrullination (R), phosphorylation (STY)",Homo sapiens,Peripheral blood,Tris (2-Carboxyethyl) phosphine,,,
MSV000080790.txt,,HEK293T cells,,trypsin,"simvastatin 1 μM, tamoxifen 1 μM, reversine 1 μM, human TNFα 300 IU ml⁻¹",,"Virotrap, MyOne Streptavidin T1 beads pre-loaded with 10 μl ANTI-FLAG BioM2-Biotin antibody","cells, cell line",,Homo sapiens,,dithiothreitol,,,
MSV000080791.txt,iodoacetamide,HEK293,,modified trypsin,PCA 50 μM,,,"cells, cell line","oxidation on Met, carbamidomethylation in Cys",Homo sapiens,,dithiothreitol,,,
MSV000080793.txt,chloroacetamide,"HeLa, U2-OS",,"Endoproteinase Lys-C, Modified Trypsin","MG-132 10 μM, PR-619 20 μM",,Ni-NTA agarose beads (Qiagen),"cells, cell line","SUMOylation, Cysteine carbamidomethylation, Protein N-terminal acetylation, peptide N-terminal carbamylation, methionine oxidation, QQTGG, pyro-QQTGG, lysine acetylation, serine-threonine-tyrosine phosphorylation",human,,"β-mercaptoethanol, dithiothreitol, DTT",,,
MSV000080794.txt,,Huh-7,,trypsin,"HBx, HBV replicon plasmids, pCMV-HBV1.1, pCMV-HBV1.1(X–)",HBV-infected,differential centrifugation protocol,"cell line, biofluid","protein N-terminus acetylation, oxidized methionine, carbamidomethylated cysteine",Homo sapiens,sera,,,silver staining,
MSV000080795.txt,chloroacetamide,Human osteosarcoma cells (U2OS),,"endoproteinase Lys-C, sequencing grade-modified trypsin","VE-821 1 μM, HU 2 mM",,TiO2 spheres,cell line,"Cysteine carbamidomethylation, protein N-terminal acetylation, methionine oxidation, phosphorylation of serine, threonine, and tyrosine",Homo sapiens,,dithiothreitol,,,
MSV000080796.txt,,,,trypsin,,normal healthy,stage tip,"tissue, biofluid","Carbamidomethylation (+57.02146) of cysteine, oxidation at MHW (+15.995)",Homo sapiens,"ureter, urine, kidney",DTT,,,
MSV000080797.txt,chloroacetamide,"MDA-MB-231 BT, 4T1 wild-type, MDA-MB-231 parental",,mass spectrometry (MS)-grade trypsin,,breast cancer,10 kDa molecular mass cut-off filters,cell line,,"Homo sapiens, Mus musculus",,DTT,,,
MSV000080798.txt,"iodoacetamide, IAA",,,Trypsin,,"Gestational diabetes mellitus (GDM), normal glucose tolerance (NGT)",,tissue,"Carbamidomethyl (C), methionine oxidation (M, + 15.99492 Da)",human,omental adipose tissue,"dithiothreitol, DTT",,,
MSV000080801.txt,iodoacetamide,MDA-MB-231,,trypsin,,breast cancer,,cell line,"Carbamidomethylation (C), Oxidation (M), deamidation (NQ)",Homo sapiens,,dithiothreitol,,Coomassie blue staining,
MSV000080803.txt,,"HaCaT A5, HepG2 (ATCC HB-806)","primary hepatocytes, primary human epidermal keratinocytes, primary mouse hepatocytes",tryptic,"recombinant mouse HGF 100 ng/ml, recombinant human HGF 100 ng/ml, recombinant human IL-6, U0126 20 mM",liver metastasis derived from colorectal cancer,"immunoprecipitation, STAGE-Tip method","cells, tissue","phosphorylation, threonine and tyrosine phosphorylation, double-phosphorylated, monophosphorylated","Mus musculus, Homo sapiens",liver,,,SimplyBlue SafeStain,C57BL/6N
MSV000080810.txt,,"LoVo, SNU175, COLO320",,trypsin/lysC,,colorectal cancer (CRC),"high-throughput DNA pull-down, DNA pulldowns",cell line,,Human,"nuclear soluble fraction, nuclear extracts",,universal protein standard 2,,
MSV000080812.txt,,"HeLa, U2OS",,"LysC, trypsin","MG132 10 μM, bortezomib 100 nM, Cdk1/2 Inhibitor III 10 μM",,"Ni-NTA purification, Ni-NTA beads (Qiagen)","cell line, cells","SUMOylated, phosphorylation, ubiquitylation, acetylation, methylation, protein N-terminal acetylation, methionine oxidation, QQTGG on lysine, pyroQQTGG on lysine",human,,"β-mercaptoethanol, βME, TCEP, DTT",,,
MSV000080813.txt,iodoacetamide,"Ramos, Mutu, BL-41, U2932, L428, DB",B-cells,trypsin,,"diffuse large B-cell lymphoma, DLBCL, ABC-DLBCL, GCB-DLBCL",,"tissue, cell line","Cysteine carbamidomethylation, N-terminal acetylation, methionine oxidation",Homo sapiens,tissue,DTT,super-SILAC mix,,
MSV000080814.txt,iodoacetamide,"SNU119, TYKNU, KURAMOCHI, HEYA8, PEO4, 59M, SKOV3IP1, COV318","immortalized ovarian surface epithelial cells, fallopian tube epithelial cells, Primary fallopian tube secretory epithelial cells (FTECs)","LysC, trypsin",,"human high-grade serous ovarian cancer (HGSOC), ovarian cancer, serous-papillary high-grade, FIGO Stage IIIB/C, OvCa",,"tissue, cells, cell line","acetylation (N terminus), methionine oxidation, carbamidomethylation",human,"ovarian tumours, fallopian tube, ovarian surface epithelium",DTT,,,
MSV000080815.txt,iodoacetamide,HeLa-S3,,"trypsin, Lys-C endopeptidase","RanGDP 4 μM, Imp-β 0.3–0.7 μM, Imp-13 0.3–0.7 μM, Trn-1 0.3–0.7 μM, Trn-2 0.3–0.7 μM, Imp-7 0.3–0.7 μM, Imp-8 0.3–0.7 μM, Imp-9 0.3–0.7 μM, Imp-11 0.3–0.7 μM, Imp-5 0.3–0.7 μM, Trn-SR 0.3–0.7 μM, Imp-4 0.3–0.7 μM, Exp-4 0.3–0.7 μM",,in vitro reconstituted transport system,"cells, cell line","carbamidomethyl (Cys), oxidation (Met)",Homo sapiens,,DTT,,,
MSV000080816.txt,N-ethylmaleimide,U2OS,,trypsin,"DMSO, cycloheximide 40 μg/ml, MG132 10 μm",osteosarcoma,subcellular protein fractionation,"cells, cell line","methionine oxidation, deamidation of glutamine or asparagine, N-terminal pyro-glutamic acid formation, protein N-terminal acetylation",Homo sapiens,"nuclear, cytosolic, membrane, cytoskeletal compartments","triscarboxyethylphosphine, TCEP",,,
MSV000080825.txt,"Iodoacetamide, IAA",,,Lys-C/trypsin,,"lung adenocarcinoma, non-small cell lung cancer",,tissue,,Homo sapiens,lung tissue,"dithiothreitol, DTT",,,
MSV000080826.txt,carbamidomethylation,,sperm cells,trypsin,,,,"biofluid, cells, tissue","carbamidomethylation of cysteines, oxidation of methionines, protein N-terminal acetylation",Homo sapiens,"semen, sperm cells, testis",,,,
MSV000080827.txt,iodoacetamide,ES04 (WiCell institute),"human embryonic stem cells, human ESC-MSC, human bone marrow-derived MSC, BM-MSC","Lys-C, trypsin",,,,cells,"N-terminal acetylation, methionine oxidation, cysteine carbamidomethylation",Homo Sapiens,bone marrow,DTT,,,
MSV000080828.txt,iodoacetamide,"HeLa, U2OS",,"Lys-C, trypsin","MG132 20μM, Desferroxamine (DFX) 200μM, Dimethyloxalylglycine (DMOG) 1mM",,,cells,,Homo sapiens,,TCEP,,,
MSV000080829.txt,carbamidomethylation,U1810,,trypsin,"Syn-hsa-miR-372-3p miScript miR-mimic 10 n M, AllStar neg. control siRNA 10 n M",non-small cell lung cancer,"strong cation exchange solid-phase extraction (Phenomenex Strata-X-C, Phenomenex, Torrance, CA, USA)","cells, cell line",oxidation on methionine residues,Homo sapiens,,dithiothreitol,,,
MSV000080831.txt,iodoacetamide,"NIH 3T3 mouse fibroblast cells, RPE-1, RPE-1 trisomic cells",mouse fibroblast,"LysC, trypsin","MG132 20 μM, Bafilomycin A1 250 nM, wortmannin 500 nM, Actinomycin D 100 nM, DMSO",,"click reaction, Click-iT protein enrichment-kit","cells, cell line","oxidation of methionines, n-terminal acetylation, deamidation of aspargine and glutamine residues, Carbamidomethyl of c-termini","mouse, human",,DTT,,,
MSV000080833.txt,2-iodoacetamide,,,sequencing-grade-modified trypsin,"methotrexate, Leflunomide","Rheumatoid arthritis, RA",,tissue,"carbamidomethylated cysteine residues, acetylation of the N-terminal of proteins, oxidation of methionine, deamidation of asparginine and glutamine residues, arginine citrullination",Homo sapiens,colon mucosa,tris(2-carboxyethyl)- phosphine,,,
MSV000080834.txt,chloroacetamide,"SH-SY5Y, SH-SY5Y-TR, SH-SY5Y-TR-TrkA, PC12",,"endoproteinase Lys-C, trypsin",NGF 100 ng/ml,neuroblastoma,"TiO2-based phosphopeptide enrichment, titansphere chromatography, immunoprecipitated","cells, cell line","Cysteine carbamidomethylation, Protein N-acetylation, N-pyroglutamine, oxidized methionine, phosphorylation of serine, threonine, and tyrosine, deamidation of asparagine and glutamine","Homo sapiens, Rattus norvegicus",,dithiothreitol,,Colloidal Blue Kit,
MSV000080835.txt,iodoacetamide,"MDA-MB-231, HeLa, HepG2, RKO, U2OS, LNCaP, Jurkat",,"endoproteinase Lys-C, trypsin","hormonal anti-androgenic (GnRH agonist) therapy, purified PSA 0.5 ng/ml, purified PSA 2 ng/ml, purified PSA 10 ng/ml, purified PSA 50 ng/ml, purified PSA 200 ng/ml",prostate cancer,isolation of microparticles,"biofluid, cells, cell line","N-terminal acetylation, methionine oxidation, carbamidomethyl cysteine",Homo sapiens,plasma,DTT,purified PSA,,
MSV000080836.txt,chloroacetamide,"HEK293, HeLa, U2OS, HeLa- Kyoto",,"endoproteinase Lys-C, modified sequencing grade trypsin","PRMT1, PRMT4, PRMT5, EPZ015666 100 nM",,PTMScan Mono-Methyl Arginine Motif [mme-RG] Immunoaffinity Beads,"cells, cell line","omega-NG-MMA, carbamidomethylation, protein N-terminal acetylation, methionine oxidation, mono- methylation on lysine and arginine",Homo sapiens,,"dithiothreitol, DTT",,,
MSV000080838.txt,iodoacetamide,,,Trypsin,,"cataract, glaucoma, pseudoexfoliation syndrome, Pseudoexfoliative cataract, Primary open angle glaucoma, Pseudoexfoliative glaucoma",,biofluid,"methionine oxidation, N-terminal acetylation, carbamidomethyl cysteine",human,aqueous humor,,,,
MSV000080839.txt,CAA,"BT-474, BT-474-J4",,trypsin,lapatinib 1 μmol/L,HER2/ERBB2–overexpressing breast cancers,"Fe-IMAC column enrichment, Kinobead pull downs","cells, cell line",phosphorylation,Homo sapiens,,DTT,,,
MSV000080841.txt,iodoacetamide,NB4,acute myeloid leukemia blast cells,"Lys-C, trypsin","hydroxyurea 80 μM, RO-3306 9 μM",acute myeloid leukemia,,"cells, cell line","Deamidation, oxidation of methionine, Gln→pyro-Glu",human,,TCEP,,Coomassie protein staining,
MSV000080842.txt,chloroacetamide,"A549, HEK293, HCT116, L929, A20.2J",,"endoproteinase Lys‐C, sequencing grade modified trypsin",recombinant human TNF‐α 100 ng/ml,,"agarose-conjugated α-FLAG M2 antibody affinity matrix, di-glycine-lysine antibody resin, TiO2 spheres","cells, cell line","di‐Gly‐modified, phosphorylation, Cysteine carbamidomethylation, protein N‐terminal acetylation, methionine oxidation, N‐ethylmaleimide modification of cysteines, di‐glycine‐lysine",human,,dithiothreitol,,,
MSV000080843.txt,"iodoacetamide, Carbamidomethyl cysteine","U-87, T98G, LNT-229",human Glioblastoma cell lines,tryptic,"5′-Aza-2′-deoxycytidine (Decitabine, AdooQ Bioscience, Irvine, CA) 1 μm",Glioblastoma,immunoaffinity purified using the W6/32 mAb bound to Amino-Link beads,"cell line, cells","Methionine oxidation, Methionine sulfoxide, n-acetylation",human,,,,,
MSV000080844.txt,,BaF3-EpoR,"mCFU-E, hCFU-E",,,,,cells,,"Homo sapiens, Mus musculus",fetal livers,,,Coomassie,Balb/c
MSV000080846.txt,"Iodoacetamide, IAA",,,"modified porcine trypsin, Trypsin",,diffuse-type gastric cancers,,tissue,"Carbamidomethylation to cysteine, methionine oxidation",human,tumor tissue,DTT,,,
MSV000080848.txt,iodoacetamide,,,trypsin,metformin,"type 2 diabetes mellitus, T2DM, nondiabetic",,tissue,"carbamidomethyl (C), iTRAQ8plex (K), iTRAQ8plex (N-term), oxidation (M)",Homo sapiens,"repair arteries, internal mammary artery, internal thoracic artery",dithiothreitol,,,
MSV000080849.txt,CAA,,"NI H1, HI H9, NI TFBJ, NI TFC1, NI A1, NI A2, NI A3",trypsin,,deleterious homoplasmic mutation in the mitochondrial gene MT-ATP6 (m.9185T>C),,cells,"Cysteine carbamidomethylation, N-terminal acetylation, methionine oxidation",Homo sapiens,,"DTT, TCEP",,,
MSV000080851.txt,"Iodoacetamide, IAA",U2OS,,"Lys-C, Trypsin",Hydroxyurea 2 mm,,"Ni-NTA purification, nickel-nitrilotriacetic acid-agarose beads (Ni-NTA)","cells, cell line","SUMOylation, Carbamidomethylation of cysteine residues, Oxidation of methionine, phosphorylation, acetylation of protein N termini, Pyro-QQTGG, QQTGG",Homo sapiens,,"Tris-(2-carboxyethyl)-phosphine hydrochloride, TCEP",,,
MSV000080854.txt,iodoacetamide,HK-2 cells,human proximal tubular epithelial cells (PTEC),sequencing grade modified trypsin,"DHT 100 nm, EST 100 nm, ethanol",,,cells,"carbamidomethylation of cysteines, oxidation of methionine and proline residues, N-terminal acetylation",Homo sapiens,,dithiothreitol,labeled HK-2 cells,,
MSV000080856.txt,iodoacetamide,,primary human umbilical vein endothelial cells (HUVECs),trypsin,"LPS 50 ng/ml, R. conorii (Malish 7 strain)",Mediterranean spotted fever,"biotinylated cross-linking enrichment protocol, streptavidin magnetic beads",cells,"biotinylated cross-linking, oxidized methionine","Homo sapiens, Rickettsia conorii",umbilical vein endothelial cells,"DTT, dithiothreitol",SIS peptides,Colloidal Blue,Malish 7
MSV000080857.txt,iodacetamide,,Human aortic endothelial cells,trypsin,,"chronic heart failure, CHF",sequential ultracentrifugation,biofluid,,Homo sapiens,serum,DTT,,,
MSV000080858.txt,chloroacetamide,,Adipose-derived stem cells (ASCs),Trypsin,,,,cells,"carbamidomethyl (C), oxidation (M)",Homo sapiens,,tris(2-carboxyethyl)phosphine,,"Coomassie blue, SimplyBlue SafeStain",
MSV000080859.txt,iodoacetamide,"CD114, 9087 STEINLIN, 9088 PF04015, 9047 PLH, 9050 MOU, 9051 PITOUT, 9037 SWEIG, 9064 AMALA, 9089 BOB","B-lymphoblastoid cell lines, B-cell lines",,,Celiac disease,immunoprecipitated,cell line,"Pyro-glu (N-term Q and N-term E), deamidation (NQ), oxidation (M)",human,,,,,
MSV000080860.txt,iodoacetamide,,HUVECs,trypsin,"VEGF, Ad.p130Cas, Ad.p130Cas15F",,immunoprecipitation,cells,"Carbamidomethyl (C), Oxidation (M), Acetyl (Protein N-term)",Homo sapiens,,DTT,,,
MSV000080862.txt,"2-chloroacetamide, carbamidomethylation of cysteine",,,"trypsin, LysC",,healthy,,biofluid,"N-acetylation of proteins’ N-termini, oxidation of methionine",Homo sapiens,saliva,tris (2-carboxyethyl) phosphine,,,
MSV000080863.txt,chloroacetamide,,,trypsin,"RNAlater, 4% formalin",gastroenterologically healthy,,tissue,"carbamidomethyl (C), protein N-terminal acetylation, deamidation (NQ), oxidation (M), peptide N-terminal formylation",Homo sapiens,"colon mucosa, sigmoideum",tris(2-carboxyethyl)phosphine,,,
MSV000080864.txt,iodoacetamide,"SW480, SW620",,"Bovine TPCK-treated trypsin, Trypsin",,colon cancer,"IMAC, TiO 2, immunoprecipitation",cell line,"Cysteine carbamidomethylation, oxidized methionine, Phosphorylation of S, T, and Y residues",human,,DTT,,,
MSV000080865.txt,iodoacetamide,"HeLa cells (ATCC, S3 subclone)",,"LysC, trypsin",,,TiO2 beads,"cells, cell line","carbamidomethylation of cysteine, N-terminal protein acetylation, oxidation (M), Phospho (STY)",Homo sapiens,,DTT,,,
MSV000080866.txt,"N-ethylmaleimide, NEM, biotin maleimide",A431 (ATCC CRL-1555),epidermoid carcinoma cells,trypsin,"Hexylaminolevulinate 20 mM, HAL 20 mM",epidermoid carcinoma,"Selective biotinylation of reversibly oxidized thiol proteins, Aǿinity enrichment of biotinylated proteins, NeutrAvidin resin","cells, cell line","Biotin:Sigma-B1267, N-terminal acetylation, oxidation (M), deamidation (NQ)",Homo sapiens,,DTT,,Coomassie blue staining,
MSV000080867.txt,iodoacetamide,"tert-hBECs, tert-hSAECs","primary human cultures from trachea (phBECs), primary human cultures from bronchioles (phSAECs)","LysC-tr, trypsin",pRSV (MOI 1.0),Lower respiratory tract infections (LRTIs) from Respiratory Syncytial Virus (RSV),chloroform/methanol precipitation,"cells, cell line, biofluid, tissue","Carbamidomethylcysteine, N-terminal acetylation, methionine oxidation","Homo sapiens, Mus musculus","trachea, small airway bronchiolar cells, bronchioles, lung","dithiothreitol, DTT",stable isotope-labeled standard (SIS) peptides,,
MSV000080873.txt,chloroacetamide,"143B.TK− (ATCC-CRL-8303), ρ0 cells",osteosarcoma,"Lys-C, trypsin",,respiratory chain disease (RCD),"immunoprecipitation of ubiquitinated peptides using the PTMScan Ubiquitin Remnant Motif Kit, TiO2 (GL Sciences, Torrance, CA) enrichment of phosphorylated peptides","cells, cell line","phosphorylation, ubiquitination, Cysteine carbamidomethylation, N-terminal acetylation, methionine oxidation, diGly modification of lysine",Homo sapiens,,DTT,,,
MSV000080874.txt,iodoacetamide,HeLa,,trypsin,,"cervical cancer, ovarian cyst",,"cells, cell line, biofluid","oxidation (M), deamidation (NQ), phospho (STY), carbamidomethyl (C)",Homo sapiens,"urine, cerebrospinal fluid","dithiothreitol, DTT",,,
MSV000080878.txt,,"HeLa, HeLa mSnw1-LAP, HeLa CENP-A-EGFP, HeLa mSmc3-LAP, HeLa GFP-flag-sororin, HeLa APC2-RFP, HeLa mPrpf8-LAP",,,siRNA 20 nM,,crosslinked anti-GFP antibody beads,cells,,Homo sapiens,,,,,
MSV000080880.txt,,,,,pasteurized bovine milk 200 mL,non-atopic healthy,solid-phase extracted using Sep-pak C18 pre-packed columns,biofluid,"Oxidation of methionine, phosphorylation of serine and threonine",Homo sapiens,breast milk,,,,
MSV000081649.txt,iodoacetamide,,,trypsin,,"hepatoma, colorectal cancer, bladder cancer","ProteoMiner, ProteoMiner Protein Enrichment Kits",tissue,"Carbamidomethylation (C), Oxidation (M), Deamidatioin (N, Q)",Human,"hepatoma, colorectal cancer, bladder cancer, kidney tissues",dithiothreitol,,,